id,0.0,0.0,0.0,0.0,0.0,0.0,0.0,0.0,0.0,0.0,0.0,0.0,0.0,0.0,0.0,0.0,0.0,0.0,0.0,0.0,0.0,0.0,0.0,0.0,0.0,0.0,0.0,0.0,0.0,0.0,0.0,0.0,1.0,1.0,1.0,1.0,1.0,1.0,1.0,1.0,1.0,1.0,1.0,1.0,1.0,1.0,1.0,1.0,1.0,1.0,1.0,1.0,1.0,1.0,1.0,1.0,1.0,1.0,2.0,2.0,2.0,2.0,2.0,2.0,2.0,3.0,3.0,3.0,3.0,3.0,3.0,3.0,3.0,4.0,4.0,4.0,4.0,4.0,4.0,4.0,4.0,4.0,4.0,4.0,4.0,4.0,4.0,4.0,4.0,4.0,4.0,4.0,4.0,4.0,4.0,4.0,4.0,4.0,4.0,4.0,4.0,4.0,4.0,4.0,4.0,4.0,4.0,4.0,4.0,4.0,4.0,4.0,4.0,4.0,4.0,4.0,4.0,4.0,4.0,4.0,4.0,4.0,4.0,4.0,4.0,4.0,4.0,4.0,4.0,4.0,4.0,4.0,4.0,4.0,4.0,4.0,4.0,4.0,4.0,4.0,4.0,4.0,4.0,4.0,5.0,5.0,5.0,5.0,5.0,5.0,5.0,5.0,5.0,5.0,5.0,5.0,5.0,5.0,5.0,5.0,5.0,5.0,5.0,5.0,5.0,5.0,5.0,5.0,5.0,5.0,5.0,5.0,5.0,5.0,5.0,5.0,5.0,5.0,5.0,5.0,5.0,5.0,5.0,5.0,5.0,5.0,5.0,5.0,5.0,5.0,5.0,5.0,5.0,5.0,5.0,5.0,5.0,5.0,5.0,5.0,5.0,5.0,5.0,5.0,5.0,5.0,5.0,5.0,6.0,6.0,6.0,6.0,6.0,6.0,6.0,6.0,6.0,6.0,6.0,7.0,7.0,7.0,7.0,7.0,7.0,7.0,7.0,7.0,7.0,7.0,7.0,7.0,7.0,7.0,7.0,7.0,7.0,7.0,7.0,7.0,7.0,7.0,7.0,7.0,7.0,7.0,7.0,8.0,8.0,8.0,8.0,8.0,8.0,8.0,8.0,8.0,9.0,9.0,9.0,9.0,9.0,9.0,9.0,9.0,9.0,9.0,9.0,9.0,9.0,9.0,9.0,9.0,9.0,9.0,9.0,9.0,9.0,9.0,9.0,9.0,9.0,9.0,9.0,9.0,9.0,9.0,9.0,9.0,9.0,9.0,9.0,9.0,9.0,9.0,9.0,9.0,9.0,9.0,9.0,9.0,9.0,9.0,9.0,9.0,10.0,10.0,10.0,10.0,10.0,10.0,10.0,10.0,10.0,10.0,10.0,10.0,10.0,10.0,10.0,10.0,10.0,10.0,10.0,10.0,10.0,10.0,10.0,10.0,10.0,10.0,10.0,10.0,10.0,10.0,11.0,11.0,11.0,11.0,11.0,11.0,11.0,11.0,11.0,11.0,11.0,11.0,11.0,11.0,11.0,11.0,11.0,11.0,11.0,11.0,11.0,11.0,11.0,11.0,11.0,11.0,11.0,11.0,11.0,11.0,11.0,11.0,11.0,11.0,12.0,12.0,12.0,12.0,12.0,12.0,12.0,12.0,12.0,12.0,12.0,12.0,12.0,12.0,12.0,12.0,12.0,12.0,12.0,12.0,12.0,12.0,12.0,12.0,12.0,12.0,12.0,12.0,12.0,12.0,13.0,13.0,13.0,13.0,13.0,13.0,13.0,13.0,13.0,13.0,13.0,13.0,13.0,13.0,13.0,13.0,13.0,13.0,13.0,13.0,13.0,13.0,13.0,13.0,13.0,13.0,13.0,14.0,14.0,14.0,14.0,14.0,14.0,14.0,14.0,14.0,14.0,15.0,15.0,15.0,15.0,15.0,15.0,15.0,15.0,15.0,15.0,15.0,15.0,15.0,15.0,15.0,15.0,15.0,15.0,15.0,15.0,15.0,15.0,15.0,15.0,15.0,15.0,15.0,15.0,15.0,15.0,15.0,15.0,15.0,15.0,16.0,16.0,16.0,16.0,16.0,16.0,16.0,16.0,16.0,16.0,16.0,16.0,16.0,16.0,16.0,16.0,16.0,16.0,16.0,16.0,16.0,16.0,16.0,16.0,16.0,16.0,16.0,16.0,16.0,16.0,16.0,16.0,16.0,16.0,16.0,16.0,16.0,16.0,17.0,17.0,17.0,17.0,17.0,17.0,17.0,17.0,17.0,17.0,17.0,17.0,17.0,17.0,17.0,17.0,17.0,17.0,17.0,17.0,17.0,17.0,17.0,17.0,17.0,17.0,17.0,17.0,17.0,17.0,18.0,18.0,18.0,18.0,18.0,18.0,18.0,18.0,18.0,18.0,18.0,18.0,18.0,18.0,18.0,18.0,18.0,18.0,18.0,18.0,18.0,18.0,18.0,18.0,18.0,18.0,18.0,18.0,18.0,18.0,18.0,18.0,18.0,18.0,18.0,18.0,19.0,19.0,19.0,19.0,19.0,19.0,20.0,20.0,20.0,20.0,20.0,20.0,20.0,20.0,20.0,20.0,20.0,20.0,20.0,20.0,20.0,20.0,20.0,20.0,20.0,20.0,20.0,20.0,20.0,20.0,20.0,20.0,20.0,20.0,20.0,20.0,20.0,20.0,20.0,21.0,21.0,21.0,21.0,21.0,21.0,21.0,21.0,21.0,21.0,21.0,21.0,21.0,21.0,21.0,21.0,21.0,21.0,21.0,21.0,21.0,21.0,21.0
time,0.0,3.0,10.0,13.0,15.0,18.0,19.0,21.0,24.0,27.0,29.0,31.0,33.0,35.0,38.0,41.0,43.0,45.0,47.0,50.0,51.0,53.0,55.0,57.0,59.0,61.0,63.0,65.0,67.0,69.0,71.0,73.0,0.0,2.0,4.0,6.0,8.0,12.0,15.0,16.0,18.0,19.0,22.0,24.0,26.0,28.0,30.0,32.0,34.0,36.0,38.0,39.0,42.0,43.0,46.0,48.0,50.0,54.0,0.0,3.0,5.0,7.0,9.0,11.0,13.0,0.0,3.0,5.0,7.0,11.0,13.0,14.0,17.0,0.0,1.0,2.0,3.0,4.0,5.0,6.0,7.0,8.0,9.0,10.0,11.0,12.0,14.0,15.0,16.0,17.0,18.0,19.0,20.0,21.0,22.0,23.0,24.0,25.0,26.0,27.0,28.0,29.0,30.0,31.0,32.0,33.0,34.0,35.0,36.0,37.0,38.0,39.0,40.0,41.0,42.0,43.0,44.0,45.0,46.0,47.0,48.0,50.0,51.0,52.0,53.0,54.0,55.0,56.0,57.0,58.0,59.0,60.0,61.0,63.0,64.0,65.0,66.0,67.0,68.0,69.0,70.0,71.0,72.0,73.0,0.0,7.0,8.0,10.0,11.0,12.0,13.0,14.0,15.0,16.0,17.0,19.0,20.0,21.0,22.0,23.0,24.0,25.0,26.0,27.0,28.0,29.0,30.0,31.0,32.0,34.0,35.0,36.0,37.0,38.0,39.0,40.0,41.0,42.0,43.0,44.0,45.0,46.0,47.0,48.0,49.0,50.0,51.0,52.0,53.0,54.0,55.0,56.0,57.0,58.0,59.0,60.0,61.0,62.0,63.0,64.0,65.0,66.0,67.0,68.0,69.0,70.0,71.0,72.0,0.0,1.0,2.0,3.0,4.0,5.0,6.0,7.0,8.0,9.0,10.0,0.0,3.0,5.0,8.0,11.0,13.0,15.0,17.0,19.0,21.0,24.0,26.0,28.0,34.0,38.0,39.0,41.0,43.0,45.0,47.0,49.0,54.0,55.0,57.0,59.0,61.0,63.0,71.0,0.0,2.0,4.0,6.0,8.0,10.0,12.0,14.0,16.0,0.0,1.0,2.0,3.0,4.0,5.0,6.0,7.0,8.0,9.0,10.0,11.0,12.0,15.0,16.0,17.0,18.0,19.0,20.0,21.0,22.0,23.0,24.0,25.0,26.0,27.0,28.0,29.0,30.0,31.0,32.0,33.0,34.0,35.0,36.0,37.0,38.0,39.0,41.0,42.0,43.0,44.0,45.0,46.0,47.0,48.0,49.0,50.0,0.0,11.0,13.0,15.0,18.0,20.0,22.0,24.0,26.0,28.0,30.0,32.0,34.0,36.0,38.0,40.0,44.0,46.0,48.0,50.0,52.0,54.0,56.0,58.0,60.0,62.0,64.0,66.0,68.0,70.0,0.0,2.0,6.0,8.0,10.0,12.0,14.0,18.0,20.0,22.0,24.0,26.0,28.0,30.0,32.0,34.0,36.0,38.0,40.0,42.0,44.0,46.0,48.0,51.0,53.0,54.0,56.0,58.0,60.0,62.0,64.0,66.0,70.0,78.0,0.0,10.0,12.0,14.0,16.0,18.0,20.0,22.0,24.0,26.0,29.0,31.0,32.0,34.0,37.0,38.0,40.0,42.0,44.0,48.0,50.0,52.0,54.0,56.0,58.0,60.0,62.0,64.0,66.0,69.0,0.0,4.0,5.0,7.0,10.0,11.0,13.0,15.0,17.0,19.0,21.0,23.0,25.0,27.0,31.0,33.0,35.0,37.0,39.0,41.0,43.0,45.0,47.0,49.0,51.0,53.0,55.0,0.0,2.0,3.0,4.0,5.0,6.0,7.0,8.0,9.0,10.0,0.0,2.0,3.0,5.0,8.0,10.0,12.0,14.0,16.0,18.0,20.0,22.0,24.0,26.0,28.0,34.0,36.0,38.0,40.0,42.0,44.0,46.0,48.0,50.0,52.0,54.0,56.0,58.0,60.0,62.0,64.0,66.0,68.0,70.0,0.0,2.0,4.0,6.0,8.0,10.0,12.0,14.0,16.0,18.0,20.0,22.0,24.0,26.0,28.0,30.0,32.0,34.0,36.0,38.0,40.0,42.0,44.0,48.0,50.0,52.0,54.0,56.0,58.0,59.0,61.0,64.0,65.0,68.0,70.0,72.0,75.0,76.0,0.0,2.0,4.0,6.0,8.0,10.0,12.0,14.0,16.0,19.0,20.0,22.0,24.0,26.0,28.0,30.0,32.0,34.0,36.0,38.0,42.0,44.0,46.0,48.0,50.0,52.0,54.0,56.0,58.0,65.0,0.0,1.0,3.0,5.0,7.0,9.0,10.0,13.0,15.0,17.0,19.0,21.0,23.0,25.0,27.0,29.0,31.0,33.0,35.0,37.0,39.0,41.0,43.0,45.0,47.0,49.0,51.0,53.0,55.0,57.0,59.0,61.0,63.0,65.0,67.0,69.0,624.0,628.0,630.0,632.0,634.0,636.0,0.0,9.0,11.0,13.0,17.0,19.0,21.0,23.0,25.0,27.0,29.0,31.0,33.0,35.0,37.0,39.0,41.0,43.0,45.0,50.0,52.0,53.0,55.0,57.0,59.0,61.0,63.0,65.0,67.0,69.0,72.0,74.0,76.0,0.0,1.0,2.0,3.0,4.0,5.0,6.0,7.0,8.0,9.0,11.0,12.0,13.0,14.0,15.0,16.0,17.0,18.0,19.0,20.0,21.0,23.0,25.0
OTU 0,210.0,122.0,112.0,253.0,99.0,14.0,33.0,149.0,144.0,83.0,36.0,152.0,162.0,38.0,38.0,129.0,31.0,49.0,203.0,353.0,198.0,12.0,53.0,56.0,73.0,64.0,269.0,28.0,39.0,54.0,113.0,78.0,102.0,11.0,101.0,3.0,289.0,75.0,88.0,98.0,222.0,528.0,30.0,34.0,43.0,61.0,131.0,14.0,46.0,66.0,10.0,6.0,43.0,180.0,746.0,169.0,324.0,17.0,488.0,29.0,2.0,13.0,330.0,10.0,72.0,170.0,113.0,5.0,53.0,19.0,20.0,57.0,6.0,151.0,339.0,83.0,48.0,19.0,18.0,45.0,45.0,78.0,40.0,40.0,50.0,28.0,123.0,140.0,247.0,128.0,53.0,21.0,47.0,36.0,50.0,69.0,121.0,35.0,43.0,32.0,18.0,89.0,75.0,65.0,122.0,45.0,172.0,133.0,87.0,44.0,81.0,27.0,232.0,57.0,175.0,71.0,66.0,124.0,44.0,36.0,55.0,84.0,56.0,195.0,73.0,120.0,95.0,58.0,40.0,58.0,59.0,116.0,83.0,67.0,81.0,28.0,127.0,291.0,232.0,84.0,118.0,235.0,64.0,133.0,181.0,221.0,452.0,578.0,575.0,302.0,80.0,87.0,44.0,120.0,71.0,129.0,30.0,104.0,32.0,44.0,67.0,213.0,133.0,141.0,219.0,136.0,346.0,81.0,19.0,22.0,6.0,17.0,63.0,47.0,20.0,130.0,22.0,68.0,11.0,23.0,1.0,13.0,36.0,64.0,145.0,49.0,11.0,82.0,15.0,17.0,93.0,20.0,42.0,21.0,89.0,0.0,296.0,68.0,33.0,44.0,26.0,47.0,58.0,134.0,47.0,131.0,36.0,49.0,110.0,187.0,303.0,235.0,198.0,312.0,345.0,43.0,145.0,136.0,156.0,530.0,521.0,261.0,49.0,215.0,320.0,114.0,68.0,42.0,89.0,57.0,267.0,6.0,273.0,53.0,49.0,44.0,54.0,98.0,55.0,187.0,115.0,19.0,26.0,76.0,45.0,326.0,617.0,313.0,54.0,107.0,93.0,143.0,21.0,479.0,60.0,104.0,406.0,23.0,46.0,240.0,92.0,32.0,82.0,47.0,75.0,100.0,36.0,16.0,124.0,68.0,33.0,0.0,104.0,21.0,22.0,107.0,48.0,55.0,34.0,0.0,22.0,17.0,34.0,38.0,11.0,24.0,156.0,19.0,13.0,18.0,2.0,3.0,15.0,4.0,1174.0,520.0,316.0,164.0,108.0,1086.0,140.0,11.0,191.0,120.0,3.0,299.0,84.0,84.0,369.0,58.0,243.0,135.0,120.0,149.0,69.0,100.0,92.0,28.0,20.0,45.0,119.0,40.0,108.0,45.0,251.0,646.0,113.0,188.0,188.0,54.0,321.0,102.0,21.0,13.0,128.0,441.0,249.0,1098.0,431.0,985.0,736.0,300.0,361.0,136.0,133.0,64.0,43.0,54.0,84.0,248.0,148.0,137.0,110.0,227.0,206.0,139.0,209.0,92.0,61.0,129.0,113.0,209.0,297.0,741.0,70.0,184.0,156.0,127.0,168.0,795.0,198.0,722.0,430.0,338.0,230.0,440.0,329.0,106.0,542.0,231.0,170.0,256.0,75.0,95.0,54.0,218.0,102.0,103.0,37.0,178.0,20.0,89.0,58.0,203.0,88.0,166.0,253.0,112.0,443.0,816.0,221.0,286.0,116.0,252.0,284.0,443.0,877.0,399.0,256.0,655.0,535.0,185.0,475.0,642.0,173.0,864.0,59.0,244.0,98.0,448.0,451.0,651.0,0.0,477.0,418.0,2.0,350.0,8.0,365.0,674.0,194.0,241.0,0.0,267.0,448.0,433.0,488.0,52.0,31.0,80.0,70.0,19.0,151.0,59.0,68.0,10.0,79.0,33.0,17.0,24.0,54.0,25.0,16.0,32.0,19.0,32.0,15.0,11.0,4.0,26.0,15.0,21.0,18.0,48.0,0.0,22.0,73.0,99.0,132.0,2919.0,86.0,168.0,163.0,39.0,330.0,41.0,112.0,141.0,57.0,116.0,126.0,231.0,102.0,41.0,36.0,54.0,146.0,83.0,19.0,70.0,25.0,17.0,60.0,92.0,10.0,19.0,13.0,94.0,59.0,20.0,64.0,97.0,40.0,201.0,158.0,43.0,33.0,311.0,474.0,72.0,82.0,72.0,79.0,18.0,39.0,68.0,260.0,214.0,54.0,0.0,48.0,49.0,35.0,41.0,40.0,208.0,157.0,12.0,243.0,69.0,40.0,291.0,81.0,153.0,164.0,233.0,349.0,312.0,242.0,567.0,70.0,72.0,43.0,19.0,63.0,268.0,42.0,43.0,4.0,3.0,26.0,15.0,11.0,54.0,59.0,103.0,40.0,19.0,88.0,37.0,72.0,66.0,167.0,37.0,10.0,35.0,12.0,15.0,12.0,60.0,43.0,29.0,144.0,33.0,57.0,145.0,16.0,56.0,21.0,135.0,459.0,210.0,635.0,626.0,215.0,85.0,34.0,33.0,54.0,27.0,43.0,115.0,232.0,111.0,21.0,223.0,98.0,56.0,115.0,118.0,119.0,272.0,93.0,62.0,40.0,24.0,11.0,220.0,159.0,93.0,144.0,57.0,191.0,147.0,0.0,250.0,79.0,55.0,48.0,7.0,129.0,37.0,44.0,27.0,9.0,27.0,6.0,11.0,42.0,18.0,15.0,4.0,44.0,123.0,93.0
OTU 1,1330.0,1091.0,536.0,368.0,2029.0,2065.0,1372.0,1533.0,2982.0,2742.0,72.0,1138.0,1543.0,993.0,2808.0,3839.0,2417.0,1999.0,5444.0,4277.0,4070.0,899.0,2887.0,1891.0,2088.0,1260.0,1935.0,1898.0,3207.0,783.0,3103.0,2241.0,100.0,0.0,3.0,0.0,0.0,87.0,585.0,0.0,446.0,546.0,14.0,134.0,0.0,225.0,734.0,233.0,92.0,128.0,65.0,62.0,0.0,0.0,178.0,63.0,87.0,0.0,3191.0,89.0,47.0,88.0,44.0,53.0,118.0,34.0,360.0,59.0,88.0,0.0,95.0,127.0,152.0,594.0,1172.0,1052.0,1043.0,971.0,1005.0,1317.0,1031.0,384.0,1130.0,558.0,879.0,601.0,1406.0,1033.0,2385.0,1154.0,583.0,542.0,692.0,868.0,2302.0,1517.0,1435.0,0.0,1223.0,657.0,719.0,1281.0,1127.0,1094.0,1629.0,918.0,2963.0,3298.0,2320.0,707.0,1548.0,447.0,2317.0,805.0,1270.0,742.0,442.0,965.0,324.0,569.0,780.0,995.0,667.0,3125.0,513.0,497.0,1359.0,3221.0,597.0,1238.0,1716.0,3016.0,1129.0,1260.0,1356.0,591.0,1689.0,2132.0,2356.0,965.0,908.0,2288.0,938.0,1946.0,1797.0,1045.0,1864.0,1794.0,2210.0,1331.0,1677.0,1104.0,795.0,1372.0,1758.0,1026.0,423.0,1528.0,314.0,1308.0,1422.0,2313.0,2618.0,1550.0,1723.0,3609.0,2971.0,889.0,484.0,216.0,31.0,722.0,1294.0,458.0,572.0,1655.0,794.0,2438.0,238.0,497.0,212.0,467.0,801.0,1576.0,1468.0,904.0,1928.0,3516.0,87.0,338.0,1250.0,284.0,1837.0,470.0,2320.0,4.0,1935.0,2023.0,1197.0,2130.0,716.0,1340.0,1170.0,1152.0,1420.0,1029.0,1679.0,719.0,317.0,551.0,553.0,669.0,613.0,655.0,639.0,795.0,1474.0,1914.0,1944.0,38.0,283.0,777.0,1471.0,58.0,454.0,688.0,25.0,40.0,255.0,408.0,211.0,82.0,89.0,60.0,527.0,47.0,200.0,127.0,78.0,114.0,1035.0,431.0,1031.0,935.0,36.0,232.0,370.0,728.0,1663.0,3312.0,2409.0,5736.0,771.0,1671.0,2157.0,3561.0,3070.0,347.0,2325.0,2456.0,245.0,274.0,263.0,277.0,730.0,1962.0,304.0,814.0,509.0,131.0,164.0,8.0,180.0,92.0,0.0,11.0,108.0,252.0,142.0,7.0,39.0,40.0,0.0,0.0,13.0,0.0,527.0,59.0,17.0,84.0,8.0,0.0,0.0,3.0,93.0,79.0,118.0,85.0,127.0,202.0,79.0,3.0,845.0,369.0,470.0,1566.0,1456.0,1936.0,3292.0,3927.0,4295.0,4345.0,3907.0,800.0,586.0,3392.0,888.0,3526.0,1559.0,856.0,5370.0,2735.0,2987.0,2465.0,3815.0,2084.0,1413.0,913.0,4905.0,1882.0,3905.0,2320.0,1739.0,2371.0,1391.0,1041.0,1674.0,2767.0,739.0,1584.0,4187.0,3771.0,2625.0,1191.0,1025.0,665.0,1344.0,469.0,380.0,653.0,852.0,1135.0,469.0,668.0,1568.0,1417.0,1114.0,689.0,665.0,1648.0,1414.0,1858.0,1432.0,1982.0,1049.0,977.0,1082.0,1027.0,871.0,129.0,161.0,1153.0,859.0,80.0,454.0,699.0,76.0,58.0,452.0,173.0,799.0,31.0,91.0,0.0,104.0,349.0,1289.0,270.0,300.0,62.0,308.0,92.0,400.0,300.0,478.0,316.0,367.0,338.0,435.0,548.0,139.0,302.0,888.0,995.0,991.0,138.0,119.0,269.0,138.0,690.0,359.0,741.0,119.0,605.0,212.0,633.0,124.0,184.0,1054.0,363.0,441.0,1312.0,0.0,316.0,970.0,0.0,299.0,47.0,189.0,487.0,544.0,126.0,0.0,161.0,175.0,1936.0,2812.0,1532.0,1000.0,1616.0,2359.0,302.0,3022.0,1088.0,1574.0,390.0,2419.0,2057.0,1121.0,1290.0,2378.0,1435.0,1479.0,1152.0,470.0,730.0,1010.0,1987.0,423.0,841.0,984.0,943.0,467.0,1474.0,2.0,1247.0,1532.0,1738.0,1885.0,711.0,2048.0,496.0,661.0,223.0,4638.0,667.0,677.0,1167.0,681.0,3395.0,2114.0,4878.0,3696.0,2317.0,3508.0,676.0,3338.0,1518.0,4457.0,1914.0,1779.0,1431.0,1306.0,1530.0,463.0,675.0,8.0,2382.0,2119.0,1262.0,2400.0,2032.0,1742.0,7519.0,3768.0,1695.0,9062.0,491.0,1901.0,797.0,1011.0,1539.0,843.0,470.0,530.0,745.0,1752.0,1403.0,382.0,239.0,1103.0,679.0,1119.0,915.0,609.0,978.0,1280.0,358.0,1592.0,858.0,3484.0,3115.0,647.0,2151.0,1487.0,1407.0,2121.0,410.0,306.0,175.0,335.0,734.0,236.0,205.0,127.0,535.0,79.0,121.0,66.0,84.0,208.0,241.0,325.0,807.0,736.0,867.0,198.0,81.0,638.0,105.0,475.0,365.0,519.0,448.0,227.0,668.0,1038.0,934.0,263.0,1329.0,1182.0,430.0,835.0,0.0,22.0,0.0,83.0,68.0,0.0,927.0,346.0,773.0,718.0,1822.0,1364.0,922.0,790.0,2013.0,2081.0,1269.0,930.0,2028.0,3424.0,1982.0,461.0,1502.0,1316.0,1108.0,2019.0,674.0,1338.0,2878.0,1278.0,673.0,686.0,381.0,275.0,2105.0,1391.0,949.0,1789.0,441.0,247.0,266.0,0.0,943.0,288.0,316.0,121.0,0.0,0.0,0.0,47.0,116.0,50.0,0.0,0.0,0.0,0.0,0.0,0.0,0.0,0.0,0.0,0.0
OTU 2,1186.0,961.0,267.0,227.0,783.0,876.0,642.0,1188.0,1353.0,1335.0,214.0,787.0,1196.0,768.0,1429.0,1820.0,1724.0,1100.0,2090.0,2194.0,2285.0,649.0,1576.0,1013.0,856.0,438.0,957.0,768.0,1635.0,508.0,1485.0,1000.0,281.0,88.0,70.0,42.0,42.0,598.0,355.0,689.0,931.0,331.0,36.0,196.0,37.0,193.0,276.0,198.0,74.0,41.0,76.0,28.0,60.0,153.0,32.0,248.0,150.0,193.0,2620.0,59.0,35.0,57.0,32.0,151.0,85.0,221.0,699.0,1511.0,672.0,34.0,67.0,30.0,108.0,780.0,1364.0,758.0,764.0,578.0,501.0,868.0,560.0,1005.0,951.0,744.0,611.0,489.0,1128.0,1099.0,1637.0,1056.0,1059.0,700.0,248.0,697.0,2682.0,1324.0,1844.0,2.0,1424.0,1550.0,834.0,1854.0,1487.0,1404.0,2852.0,1137.0,2789.0,3126.0,1824.0,653.0,1880.0,462.0,2504.0,1015.0,2009.0,1299.0,430.0,793.0,584.0,411.0,595.0,1069.0,693.0,2352.0,594.0,1037.0,1752.0,2164.0,534.0,1201.0,1294.0,2356.0,1072.0,1558.0,1088.0,1302.0,1531.0,2949.0,2557.0,1394.0,1225.0,3471.0,1624.0,3234.0,985.0,908.0,1079.0,799.0,1140.0,653.0,1202.0,955.0,455.0,749.0,1000.0,493.0,185.0,661.0,210.0,814.0,765.0,1363.0,1358.0,950.0,874.0,1821.0,2183.0,1024.0,473.0,108.0,25.0,406.0,607.0,484.0,323.0,838.0,476.0,1193.0,212.0,272.0,170.0,334.0,462.0,821.0,894.0,811.0,1308.0,3001.0,301.0,280.0,596.0,218.0,1466.0,228.0,1259.0,2.0,950.0,1606.0,645.0,1073.0,464.0,800.0,655.0,880.0,1613.0,532.0,1331.0,380.0,843.0,1042.0,1662.0,1321.0,1387.0,1854.0,1145.0,857.0,978.0,2213.0,1874.0,556.0,1643.0,1521.0,3276.0,415.0,1130.0,1319.0,166.0,692.0,871.0,953.0,1412.0,131.0,361.0,194.0,1267.0,192.0,713.0,406.0,285.0,389.0,925.0,1040.0,757.0,1160.0,202.0,1114.0,1078.0,608.0,877.0,1237.0,1490.0,1713.0,541.0,750.0,374.0,1340.0,1314.0,289.0,1467.0,926.0,84.0,200.0,89.0,72.0,382.0,319.0,14.0,337.0,158.0,66.0,73.0,34.0,16.0,79.0,89.0,30.0,84.0,156.0,117.0,24.0,85.0,18.0,81.0,17.0,76.0,28.0,445.0,42.0,28.0,91.0,10.0,24.0,19.0,8.0,87.0,63.0,257.0,105.0,188.0,154.0,168.0,29.0,657.0,361.0,161.0,169.0,459.0,299.0,1243.0,2041.0,1234.0,2190.0,1460.0,478.0,498.0,621.0,202.0,385.0,381.0,185.0,959.0,1497.0,513.0,611.0,977.0,1111.0,595.0,403.0,1248.0,494.0,1237.0,830.0,422.0,712.0,952.0,712.0,1310.0,1576.0,1011.0,1384.0,1544.0,2401.0,1646.0,1341.0,874.0,405.0,1009.0,444.0,538.0,999.0,1083.0,1547.0,418.0,533.0,1323.0,1205.0,677.0,764.0,635.0,824.0,912.0,1086.0,1046.0,1246.0,734.0,562.0,655.0,462.0,1022.0,777.0,499.0,4554.0,2217.0,622.0,778.0,1087.0,1130.0,256.0,1580.0,449.0,2729.0,273.0,273.0,0.0,267.0,748.0,1629.0,615.0,862.0,403.0,546.0,272.0,1054.0,719.0,2097.0,500.0,1484.0,968.0,1750.0,1364.0,658.0,628.0,1081.0,1112.0,2273.0,411.0,679.0,1125.0,810.0,1011.0,901.0,566.0,734.0,915.0,421.0,1640.0,422.0,314.0,994.0,705.0,650.0,2368.0,0.0,814.0,1609.0,3.0,781.0,17.0,1783.0,1905.0,1214.0,928.0,0.0,536.0,518.0,2689.0,3121.0,2060.0,922.0,2391.0,3042.0,410.0,3997.0,1161.0,1284.0,328.0,1937.0,1790.0,1101.0,862.0,2018.0,1509.0,1527.0,1770.0,589.0,1327.0,1145.0,485.0,348.0,761.0,1209.0,985.0,552.0,2070.0,0.0,1499.0,1804.0,1266.0,2683.0,271.0,1057.0,542.0,178.0,142.0,1028.0,228.0,163.0,558.0,301.0,863.0,531.0,899.0,1135.0,816.0,2032.0,398.0,1516.0,850.0,3270.0,1332.0,1171.0,1130.0,3059.0,1837.0,222.0,575.0,2.0,658.0,499.0,595.0,644.0,1485.0,1252.0,2541.0,986.0,701.0,2502.0,420.0,1966.0,641.0,548.0,842.0,887.0,567.0,329.0,911.0,1960.0,1551.0,497.0,251.0,808.0,530.0,705.0,493.0,460.0,568.0,806.0,710.0,727.0,382.0,1721.0,1208.0,282.0,854.0,590.0,566.0,1245.0,2805.0,1935.0,2833.0,2030.0,1938.0,992.0,518.0,374.0,1141.0,642.0,1052.0,513.0,665.0,1138.0,338.0,786.0,1163.0,1722.0,3372.0,1638.0,852.0,3866.0,1259.0,2072.0,1093.0,1713.0,956.0,700.0,2243.0,1054.0,959.0,552.0,1928.0,1895.0,816.0,1076.0,604.0,108.0,11.0,66.0,105.0,4.0,628.0,1403.0,487.0,664.0,1267.0,947.0,612.0,309.0,961.0,1126.0,1167.0,999.0,1122.0,2169.0,3779.0,356.0,715.0,593.0,729.0,1026.0,441.0,865.0,1713.0,730.0,1061.0,818.0,492.0,212.0,907.0,918.0,792.0,1195.0,355.0,635.0,348.0,0.0,569.0,286.0,170.0,293.0,73.0,37.0,39.0,108.0,53.0,14.0,63.0,15.0,21.0,43.0,38.0,54.0,16.0,372.0,171.0,177.0
OTU 3,79.0,121.0,2.0,8.0,195.0,250.0,71.0,119.0,186.0,110.0,38.0,121.0,91.0,66.0,106.0,306.0,91.0,92.0,341.0,135.0,322.0,53.0,169.0,42.0,79.0,53.0,87.0,41.0,65.0,38.0,106.0,63.0,0.0,0.0,0.0,0.0,0.0,0.0,0.0,0.0,0.0,0.0,0.0,0.0,0.0,0.0,0.0,0.0,0.0,0.0,0.0,0.0,0.0,0.0,0.0,0.0,0.0,0.0,0.0,0.0,0.0,0.0,0.0,0.0,0.0,0.0,0.0,0.0,0.0,0.0,0.0,0.0,0.0,53.0,38.0,153.0,109.0,177.0,145.0,280.0,205.0,504.0,373.0,177.0,147.0,76.0,244.0,66.0,204.0,170.0,115.0,114.0,114.0,185.0,285.0,326.0,239.0,0.0,294.0,175.0,87.0,246.0,105.0,111.0,615.0,253.0,520.0,260.0,394.0,41.0,224.0,22.0,313.0,77.0,144.0,123.0,64.0,52.0,42.0,42.0,83.0,48.0,52.0,107.0,37.0,121.0,340.0,288.0,88.0,69.0,157.0,233.0,97.0,73.0,199.0,206.0,234.0,230.0,135.0,102.0,121.0,198.0,157.0,383.0,116.0,50.0,195.0,569.0,564.0,336.0,411.0,727.0,323.0,549.0,143.0,112.0,62.0,55.0,57.0,88.0,74.0,274.0,255.0,359.0,225.0,390.0,379.0,87.0,61.0,19.0,9.0,215.0,108.0,51.0,71.0,297.0,38.0,372.0,84.0,193.0,19.0,68.0,275.0,198.0,82.0,75.0,171.0,655.0,142.0,175.0,231.0,99.0,175.0,91.0,460.0,2.0,305.0,106.0,138.0,198.0,93.0,133.0,112.0,145.0,134.0,87.0,125.0,82.0,8.0,20.0,45.0,58.0,53.0,64.0,32.0,37.0,144.0,224.0,97.0,16.0,237.0,352.0,162.0,93.0,865.0,351.0,0.0,254.0,369.0,123.0,499.0,74.0,59.0,186.0,272.0,68.0,336.0,227.0,130.0,254.0,138.0,91.0,89.0,157.0,52.0,186.0,151.0,0.0,0.0,0.0,0.0,0.0,0.0,0.0,0.0,0.0,0.0,0.0,0.0,0.0,0.0,0.0,0.0,0.0,0.0,0.0,0.0,0.0,0.0,0.0,0.0,0.0,0.0,0.0,0.0,0.0,0.0,0.0,0.0,0.0,0.0,0.0,0.0,0.0,0.0,0.0,0.0,0.0,0.0,0.0,0.0,0.0,0.0,0.0,0.0,0.0,0.0,0.0,0.0,0.0,0.0,0.0,0.0,0.0,0.0,0.0,0.0,0.0,0.0,0.0,0.0,0.0,0.0,0.0,0.0,0.0,0.0,0.0,0.0,0.0,0.0,0.0,0.0,0.0,0.0,0.0,0.0,0.0,0.0,0.0,0.0,0.0,0.0,0.0,15.0,23.0,35.0,25.0,55.0,125.0,303.0,261.0,143.0,39.0,35.0,31.0,19.0,26.0,78.0,91.0,89.0,249.0,132.0,180.0,352.0,120.0,57.0,34.0,65.0,139.0,124.0,78.0,55.0,144.0,54.0,21.0,56.0,20.0,77.0,185.0,299.0,3141.0,369.0,877.0,311.0,457.0,334.0,83.0,373.0,331.0,1500.0,293.0,164.0,0.0,120.0,203.0,1011.0,257.0,305.0,50.0,152.0,79.0,519.0,261.0,274.0,111.0,345.0,330.0,122.0,546.0,256.0,274.0,158.0,160.0,129.0,70.0,136.0,380.0,252.0,304.0,127.0,169.0,205.0,472.0,201.0,414.0,232.0,231.0,361.0,240.0,220.0,557.0,0.0,334.0,435.0,2.0,81.0,6.0,1220.0,1396.0,699.0,627.0,0.0,447.0,163.0,85.0,119.0,98.0,82.0,221.0,169.0,86.0,204.0,87.0,271.0,51.0,357.0,433.0,138.0,89.0,441.0,186.0,277.0,229.0,92.0,154.0,168.0,124.0,50.0,41.0,87.0,92.0,38.0,101.0,0.0,97.0,131.0,101.0,137.0,0.0,0.0,0.0,0.0,0.0,0.0,0.0,0.0,0.0,0.0,0.0,0.0,0.0,0.0,0.0,0.0,0.0,0.0,0.0,0.0,0.0,0.0,0.0,0.0,0.0,0.0,0.0,0.0,0.0,0.0,0.0,0.0,0.0,0.0,0.0,0.0,0.0,0.0,6.0,153.0,65.0,216.0,274.0,129.0,112.0,29.0,85.0,427.0,179.0,33.0,40.0,272.0,56.0,76.0,105.0,55.0,96.0,281.0,34.0,224.0,46.0,71.0,143.0,29.0,77.0,57.0,29.0,131.0,11.0,34.0,80.0,0.0,62.0,20.0,11.0,5.0,37.0,56.0,110.0,25.0,84.0,18.0,9.0,41.0,84.0,174.0,142.0,72.0,29.0,91.0,35.0,64.0,34.0,49.0,120.0,75.0,113.0,77.0,81.0,27.0,51.0,60.0,13.0,64.0,0.0,0.0,0.0,0.0,0.0,0.0,17.0,48.0,33.0,113.0,531.0,515.0,290.0,248.0,391.0,684.0,169.0,84.0,247.0,575.0,1076.0,200.0,336.0,171.0,174.0,198.0,105.0,251.0,455.0,200.0,50.0,129.0,43.0,21.0,173.0,90.0,81.0,101.0,63.0,0.0,0.0,0.0,0.0,0.0,0.0,0.0,0.0,0.0,0.0,0.0,0.0,0.0,0.0,0.0,0.0,0.0,0.0,0.0,0.0,0.0,0.0,0.0
OTU 4,584.0,586.0,185.0,480.0,767.0,408.0,247.0,343.0,736.0,1033.0,109.0,496.0,799.0,171.0,747.0,678.0,243.0,267.0,1248.0,447.0,756.0,89.0,760.0,762.0,276.0,137.0,342.0,496.0,414.0,133.0,615.0,526.0,0.0,0.0,0.0,0.0,0.0,0.0,5.0,0.0,11.0,4.0,0.0,0.0,0.0,0.0,5.0,8.0,0.0,0.0,2.0,4.0,0.0,1.0,5.0,3.0,0.0,0.0,53.0,0.0,0.0,2.0,9.0,0.0,0.0,1.0,4.0,1.0,1.0,0.0,0.0,0.0,0.0,566.0,721.0,362.0,327.0,299.0,292.0,218.0,230.0,290.0,280.0,174.0,187.0,137.0,339.0,294.0,389.0,227.0,201.0,278.0,219.0,179.0,777.0,520.0,777.0,150.0,580.0,216.0,239.0,508.0,284.0,436.0,850.0,321.0,629.0,1486.0,251.0,206.0,290.0,201.0,561.0,274.0,926.0,289.0,142.0,583.0,427.0,293.0,619.0,1476.0,606.0,2503.0,450.0,1075.0,893.0,2025.0,280.0,1105.0,430.0,1055.0,465.0,735.0,256.0,167.0,719.0,1007.0,921.0,370.0,394.0,1135.0,606.0,778.0,334.0,339.0,336.0,420.0,1144.0,279.0,834.0,187.0,143.0,338.0,455.0,250.0,104.0,140.0,41.0,102.0,288.0,429.0,787.0,267.0,335.0,1204.0,469.0,1168.0,233.0,63.0,7.0,245.0,272.0,253.0,83.0,292.0,121.0,259.0,45.0,65.0,35.0,32.0,94.0,258.0,218.0,294.0,324.0,500.0,100.0,65.0,117.0,32.0,189.0,74.0,262.0,0.0,309.0,245.0,166.0,282.0,78.0,156.0,152.0,291.0,377.0,105.0,547.0,97.0,451.0,400.0,512.0,477.0,554.0,461.0,501.0,436.0,609.0,1714.0,689.0,352.0,466.0,381.0,756.0,153.0,142.0,233.0,62.0,43.0,83.0,612.0,400.0,28.0,123.0,248.0,963.0,92.0,80.0,93.0,44.0,133.0,460.0,250.0,235.0,256.0,20.0,190.0,107.0,12.0,65.0,64.0,44.0,40.0,20.0,24.0,15.0,32.0,29.0,5.0,0.0,2.0,0.0,7.0,6.0,0.0,8.0,4.0,1.0,1.0,0.0,0.0,1.0,0.0,0.0,0.0,0.0,0.0,0.0,0.0,0.0,0.0,0.0,0.0,0.0,7.0,0.0,0.0,8.0,0.0,0.0,1.0,0.0,0.0,0.0,0.0,24.0,0.0,3.0,0.0,0.0,4.0,0.0,0.0,0.0,0.0,0.0,0.0,2.0,7.0,5.0,0.0,18.0,12.0,7.0,3.0,3.0,11.0,9.0,40.0,4.0,0.0,0.0,1.0,10.0,3.0,11.0,35.0,4.0,6.0,0.0,2.0,5.0,1.0,0.0,8.0,518.0,385.0,755.0,1078.0,619.0,839.0,1315.0,1839.0,792.0,884.0,643.0,327.0,966.0,347.0,153.0,529.0,461.0,769.0,243.0,313.0,876.0,616.0,477.0,483.0,331.0,699.0,312.0,596.0,516.0,688.0,357.0,207.0,329.0,151.0,244.0,310.0,48.0,862.0,370.0,366.0,106.0,286.0,231.0,77.0,996.0,214.0,1026.0,230.0,82.0,137.0,111.0,232.0,334.0,299.0,320.0,92.0,60.0,209.0,194.0,380.0,545.0,148.0,538.0,257.0,818.0,372.0,87.0,253.0,212.0,343.0,789.0,226.0,252.0,321.0,217.0,381.0,232.0,222.0,135.0,206.0,127.0,710.0,179.0,122.0,233.0,170.0,250.0,627.0,0.0,317.0,349.0,0.0,315.0,12.0,223.0,253.0,285.0,250.0,2.0,114.0,204.0,1221.0,1367.0,915.0,225.0,672.0,791.0,300.0,1227.0,803.0,759.0,141.0,744.0,256.0,147.0,120.0,170.0,254.0,257.0,342.0,114.0,294.0,234.0,128.0,117.0,576.0,532.0,559.0,252.0,1036.0,0.0,783.0,724.0,699.0,947.0,31.0,20.0,10.0,8.0,0.0,30.0,1.0,2.0,2.0,2.0,16.0,10.0,8.0,4.0,7.0,0.0,0.0,17.0,18.0,3.0,7.0,1.0,5.0,19.0,22.0,4.0,8.0,14.0,9.0,16.0,3.0,10.0,24.0,18.0,80.0,21.0,18.0,20.0,163.0,1569.0,391.0,533.0,652.0,231.0,125.0,64.0,404.0,1255.0,429.0,421.0,59.0,896.0,61.0,285.0,255.0,106.0,214.0,223.0,246.0,483.0,249.0,1661.0,677.0,164.0,338.0,286.0,193.0,782.0,760.0,387.0,863.0,1017.0,1248.0,792.0,224.0,303.0,550.0,289.0,249.0,180.0,329.0,479.0,312.0,841.0,1023.0,1129.0,1161.0,636.0,265.0,2549.0,494.0,1597.0,1087.0,1487.0,993.0,716.0,2109.0,649.0,380.0,549.0,1327.0,943.0,316.0,567.0,0.0,0.0,0.0,7.0,0.0,0.0,286.0,141.0,147.0,190.0,928.0,433.0,416.0,201.0,367.0,537.0,324.0,289.0,486.0,730.0,3065.0,304.0,498.0,402.0,393.0,639.0,250.0,628.0,1112.0,592.0,1349.0,341.0,159.0,96.0,409.0,486.0,160.0,446.0,89.0,2.0,2.0,0.0,19.0,3.0,6.0,0.0,0.0,0.0,0.0,0.0,0.0,0.0,0.0,0.0,0.0,0.0,0.0,0.0,0.0,0.0,3.0,0.0
OTU 5,72.0,71.0,20.0,6.0,132.0,120.0,88.0,172.0,285.0,265.0,26.0,122.0,182.0,26.0,203.0,287.0,168.0,175.0,352.0,295.0,331.0,13.0,229.0,86.0,127.0,103.0,178.0,94.0,223.0,126.0,201.0,178.0,234.0,217.0,373.0,291.0,251.0,569.0,355.0,301.0,431.0,482.0,58.0,282.0,130.0,578.0,935.0,219.0,351.0,282.0,195.0,291.0,81.0,491.0,446.0,449.0,355.0,179.0,1074.0,36.0,75.0,73.0,542.0,126.0,137.0,252.0,551.0,292.0,637.0,80.0,367.0,344.0,261.0,80.0,170.0,191.0,121.0,146.0,57.0,131.0,202.0,400.0,381.0,263.0,206.0,141.0,372.0,146.0,334.0,474.0,97.0,122.0,129.0,275.0,266.0,290.0,370.0,89.0,197.0,147.0,129.0,248.0,206.0,156.0,453.0,232.0,639.0,363.0,291.0,105.0,268.0,86.0,571.0,136.0,343.0,281.0,140.0,155.0,69.0,98.0,156.0,143.0,149.0,289.0,97.0,134.0,203.0,555.0,150.0,221.0,350.0,410.0,243.0,292.0,293.0,242.0,480.0,826.0,746.0,286.0,310.0,863.0,398.0,550.0,84.0,80.0,157.0,177.0,167.0,118.0,114.0,96.0,54.0,168.0,89.0,120.0,56.0,195.0,20.0,138.0,118.0,378.0,312.0,313.0,192.0,306.0,308.0,73.0,36.0,14.0,6.0,65.0,79.0,82.0,28.0,163.0,31.0,250.0,47.0,54.0,32.0,58.0,132.0,122.0,137.0,66.0,283.0,233.0,39.0,41.0,75.0,26.0,121.0,45.0,233.0,0.0,169.0,189.0,131.0,143.0,56.0,84.0,106.0,126.0,216.0,68.0,130.0,50.0,28.0,108.0,155.0,123.0,152.0,206.0,182.0,71.0,303.0,442.0,326.0,119.0,199.0,570.0,523.0,308.0,740.0,514.0,32.0,207.0,159.0,128.0,236.0,55.0,93.0,198.0,232.0,43.0,102.0,129.0,91.0,292.0,163.0,84.0,83.0,171.0,26.0,152.0,102.0,211.0,299.0,1152.0,442.0,988.0,261.0,493.0,480.0,431.0,772.0,476.0,1867.0,1378.0,509.0,334.0,362.0,271.0,877.0,1314.0,259.0,661.0,574.0,504.0,687.0,201.0,281.0,852.0,251.0,133.0,430.0,970.0,987.0,50.0,265.0,214.0,221.0,231.0,174.0,102.0,874.0,291.0,79.0,778.0,38.0,93.0,85.0,43.0,417.0,443.0,740.0,203.0,526.0,470.0,339.0,67.0,561.0,529.0,210.0,95.0,325.0,258.0,603.0,645.0,451.0,737.0,484.0,209.0,448.0,1024.0,228.0,904.0,382.0,133.0,785.0,481.0,266.0,316.0,681.0,986.0,624.0,535.0,972.0,405.0,689.0,476.0,380.0,301.0,25.0,60.0,58.0,108.0,163.0,266.0,429.0,354.0,466.0,128.0,77.0,82.0,82.0,52.0,116.0,162.0,161.0,174.0,87.0,98.0,141.0,167.0,118.0,58.0,85.0,135.0,115.0,148.0,127.0,150.0,115.0,83.0,50.0,35.0,99.0,159.0,141.0,1104.0,344.0,260.0,262.0,269.0,237.0,102.0,492.0,221.0,767.0,57.0,58.0,62.0,58.0,146.0,284.0,155.0,193.0,72.0,129.0,57.0,225.0,123.0,307.0,103.0,133.0,197.0,126.0,417.0,114.0,363.0,289.0,349.0,241.0,117.0,284.0,365.0,154.0,218.0,265.0,123.0,187.0,306.0,89.0,201.0,127.0,107.0,138.0,125.0,94.0,274.0,0.0,182.0,187.0,0.0,94.0,5.0,459.0,721.0,485.0,425.0,0.0,201.0,225.0,126.0,280.0,238.0,93.0,146.0,187.0,67.0,296.0,176.0,161.0,30.0,263.0,252.0,103.0,93.0,222.0,89.0,142.0,178.0,95.0,146.0,127.0,86.0,39.0,59.0,139.0,85.0,76.0,212.0,0.0,112.0,222.0,312.0,278.0,200.0,639.0,156.0,357.0,246.0,2927.0,426.0,393.0,534.0,270.0,661.0,495.0,685.0,479.0,377.0,617.0,94.0,485.0,210.0,965.0,266.0,161.0,235.0,503.0,702.0,180.0,230.0,241.0,508.0,885.0,474.0,543.0,1909.0,780.0,1248.0,396.0,329.0,1301.0,43.0,205.0,60.0,93.0,111.0,63.0,66.0,59.0,180.0,302.0,287.0,21.0,15.0,124.0,94.0,54.0,64.0,60.0,123.0,139.0,62.0,166.0,37.0,108.0,160.0,29.0,128.0,129.0,89.0,139.0,88.0,93.0,291.0,301.0,265.0,81.0,80.0,74.0,115.0,171.0,218.0,57.0,104.0,45.0,36.0,100.0,250.0,327.0,579.0,214.0,97.0,312.0,119.0,232.0,147.0,164.0,127.0,119.0,237.0,180.0,130.0,64.0,176.0,118.0,70.0,223.0,223.0,134.0,36.0,79.0,338.0,32.0,61.0,80.0,88.0,118.0,144.0,184.0,105.0,55.0,157.0,178.0,114.0,63.0,176.0,449.0,462.0,42.0,186.0,131.0,67.0,132.0,88.0,95.0,224.0,76.0,79.0,69.0,39.0,16.0,127.0,75.0,95.0,113.0,58.0,292.0,242.0,0.0,513.0,622.0,160.0,635.0,78.0,209.0,519.0,352.0,58.0,29.0,73.0,24.0,57.0,93.0,154.0,75.0,14.0,194.0,146.0,211.0
OTU 6,447.0,24.0,90.0,10.0,112.0,69.0,236.0,197.0,232.0,251.0,148.0,104.0,185.0,335.0,210.0,388.0,379.0,277.0,243.0,352.0,214.0,83.0,192.0,81.0,150.0,112.0,150.0,154.0,724.0,251.0,205.0,706.0,14.0,65.0,107.0,82.0,67.0,121.0,180.0,121.0,84.0,150.0,46.0,196.0,103.0,252.0,229.0,36.0,19.0,4.0,7.0,14.0,30.0,83.0,18.0,214.0,131.0,72.0,151.0,27.0,3.0,14.0,25.0,52.0,58.0,94.0,46.0,62.0,72.0,6.0,22.0,26.0,22.0,111.0,137.0,124.0,118.0,94.0,40.0,87.0,83.0,113.0,79.0,109.0,95.0,66.0,133.0,88.0,167.0,81.0,97.0,93.0,23.0,59.0,96.0,56.0,198.0,73.0,78.0,146.0,155.0,198.0,150.0,60.0,241.0,185.0,215.0,228.0,94.0,112.0,260.0,86.0,382.0,97.0,245.0,115.0,44.0,108.0,89.0,41.0,67.0,320.0,117.0,219.0,83.0,165.0,130.0,115.0,69.0,80.0,75.0,145.0,69.0,70.0,75.0,125.0,138.0,611.0,431.0,198.0,185.0,502.0,141.0,232.0,157.0,352.0,196.0,140.0,181.0,187.0,127.0,219.0,171.0,366.0,305.0,181.0,184.0,262.0,57.0,284.0,317.0,511.0,259.0,144.0,316.0,320.0,351.0,141.0,163.0,66.0,6.0,230.0,134.0,42.0,84.0,201.0,90.0,345.0,176.0,119.0,242.0,101.0,225.0,301.0,122.0,100.0,94.0,1374.0,326.0,239.0,192.0,80.0,228.0,472.0,341.0,3.0,528.0,474.0,165.0,546.0,168.0,494.0,667.0,649.0,359.0,674.0,208.0,266.0,53.0,101.0,60.0,70.0,54.0,67.0,71.0,40.0,105.0,214.0,130.0,256.0,86.0,249.0,64.0,206.0,152.0,161.0,79.0,204.0,286.0,215.0,215.0,30.0,362.0,86.0,139.0,52.0,216.0,315.0,77.0,120.0,105.0,114.0,98.0,92.0,193.0,283.0,291.0,13.0,13.0,16.0,36.0,54.0,0.0,22.0,5.0,10.0,100.0,19.0,64.0,38.0,15.0,38.0,8.0,19.0,115.0,29.0,4.0,46.0,34.0,4.0,12.0,51.0,8.0,2.0,31.0,17.0,19.0,63.0,64.0,9.0,33.0,2.0,2.0,10.0,36.0,25.0,126.0,123.0,23.0,65.0,23.0,41.0,36.0,7.0,23.0,26.0,81.0,51.0,110.0,78.0,67.0,28.0,90.0,196.0,23.0,0.0,14.0,7.0,22.0,22.0,12.0,88.0,46.0,7.0,20.0,13.0,2.0,72.0,57.0,72.0,123.0,76.0,54.0,102.0,119.0,70.0,32.0,23.0,297.0,70.0,49.0,228.0,94.0,100.0,229.0,70.0,118.0,103.0,85.0,216.0,612.0,211.0,434.0,115.0,208.0,165.0,127.0,221.0,934.0,405.0,823.0,552.0,636.0,537.0,1372.0,311.0,696.0,288.0,235.0,493.0,517.0,409.0,211.0,296.0,437.0,299.0,396.0,370.0,401.0,545.0,34.0,387.0,320.0,174.0,118.0,540.0,293.0,126.0,926.0,269.0,671.0,133.0,161.0,191.0,270.0,482.0,590.0,389.0,287.0,139.0,138.0,142.0,162.0,208.0,309.0,143.0,253.0,361.0,197.0,111.0,58.0,171.0,58.0,189.0,163.0,184.0,234.0,79.0,122.0,120.0,224.0,110.0,169.0,279.0,96.0,455.0,80.0,167.0,220.0,361.0,370.0,240.0,2.0,277.0,249.0,0.0,67.0,4.0,109.0,81.0,99.0,105.0,0.0,71.0,92.0,135.0,122.0,65.0,91.0,83.0,66.0,48.0,203.0,134.0,103.0,45.0,100.0,65.0,46.0,66.0,110.0,44.0,132.0,91.0,82.0,118.0,121.0,111.0,92.0,102.0,83.0,229.0,217.0,215.0,0.0,114.0,189.0,675.0,306.0,18.0,12.0,11.0,5.0,17.0,19.0,2.0,4.0,16.0,13.0,25.0,28.0,6.0,75.0,53.0,203.0,31.0,153.0,97.0,137.0,109.0,58.0,69.0,132.0,31.0,2.0,5.0,15.0,31.0,16.0,66.0,38.0,20.0,23.0,71.0,20.0,23.0,71.0,208.0,215.0,82.0,322.0,612.0,1100.0,339.0,507.0,305.0,503.0,197.0,109.0,137.0,740.0,195.0,137.0,320.0,534.0,534.0,406.0,103.0,778.0,130.0,184.0,418.0,58.0,240.0,422.0,272.0,754.0,140.0,22.0,174.0,66.0,104.0,79.0,107.0,63.0,126.0,505.0,271.0,113.0,433.0,108.0,263.0,136.0,376.0,199.0,410.0,389.0,122.0,980.0,183.0,282.0,126.0,187.0,174.0,204.0,174.0,148.0,165.0,286.0,399.0,188.0,111.0,309.0,353.0,32.0,3.0,14.0,24.0,21.0,311.0,637.0,438.0,87.0,197.0,211.0,146.0,237.0,154.0,179.0,360.0,140.0,571.0,1037.0,832.0,237.0,473.0,288.0,191.0,787.0,225.0,412.0,625.0,411.0,93.0,389.0,303.0,122.0,268.0,246.0,434.0,536.0,175.0,88.0,27.0,0.0,67.0,74.0,19.0,67.0,12.0,26.0,71.0,51.0,39.0,8.0,31.0,2.0,13.0,56.0,92.0,39.0,21.0,82.0,142.0,115.0
OTU 7,0.0,0.0,0.0,0.0,4.0,13.0,37.0,0.0,0.0,0.0,0.0,0.0,0.0,0.0,71.0,0.0,0.0,0.0,0.0,0.0,0.0,0.0,0.0,0.0,0.0,0.0,0.0,0.0,0.0,0.0,0.0,0.0,134.0,1278.0,2153.0,6471.0,2549.0,2196.0,2309.0,1308.0,694.0,964.0,175.0,1655.0,448.0,1038.0,522.0,48.0,594.0,311.0,138.0,25.0,1811.0,842.0,143.0,682.0,429.0,380.0,34.0,90.0,252.0,104.0,991.0,183.0,227.0,94.0,516.0,1209.0,624.0,665.0,792.0,100.0,32.0,0.0,0.0,0.0,0.0,0.0,0.0,0.0,0.0,0.0,0.0,14.0,0.0,0.0,0.0,0.0,0.0,0.0,0.0,40.0,0.0,30.0,0.0,0.0,0.0,0.0,0.0,0.0,0.0,0.0,0.0,0.0,0.0,0.0,0.0,0.0,0.0,0.0,0.0,0.0,0.0,0.0,0.0,0.0,0.0,0.0,0.0,0.0,0.0,0.0,0.0,0.0,0.0,0.0,0.0,0.0,0.0,0.0,0.0,0.0,0.0,0.0,0.0,0.0,0.0,0.0,0.0,0.0,0.0,0.0,0.0,0.0,0.0,0.0,0.0,0.0,0.0,0.0,0.0,0.0,0.0,2.0,0.0,0.0,0.0,0.0,0.0,0.0,0.0,0.0,0.0,0.0,0.0,0.0,0.0,0.0,0.0,3.0,0.0,62.0,0.0,34.0,0.0,0.0,0.0,0.0,0.0,0.0,0.0,0.0,0.0,0.0,0.0,0.0,0.0,0.0,0.0,0.0,0.0,0.0,0.0,0.0,0.0,0.0,0.0,0.0,0.0,0.0,0.0,0.0,0.0,0.0,0.0,0.0,0.0,0.0,0.0,0.0,0.0,0.0,0.0,0.0,0.0,0.0,0.0,0.0,0.0,0.0,0.0,0.0,0.0,0.0,0.0,0.0,0.0,0.0,0.0,0.0,0.0,0.0,0.0,0.0,0.0,0.0,0.0,0.0,0.0,0.0,0.0,0.0,0.0,0.0,0.0,0.0,0.0,38.0,7.0,2047.0,1587.0,1975.0,0.0,2194.0,203.0,1375.0,772.0,67.0,648.0,348.0,12.0,0.0,149.0,18.0,130.0,977.0,507.0,0.0,0.0,2002.0,281.0,312.0,481.0,986.0,4843.0,1727.0,1081.0,2431.0,208.0,30.0,2058.0,82.0,3542.0,5553.0,4092.0,2614.0,401.0,2277.0,1308.0,1705.0,740.0,1437.0,1620.0,50.0,0.0,34.0,192.0,0.0,111.0,152.0,196.0,8.0,226.0,393.0,141.0,113.0,577.0,646.0,305.0,317.0,263.0,168.0,293.0,0.0,0.0,361.0,196.0,986.0,824.0,179.0,210.0,67.0,0.0,25.0,17.0,25.0,0.0,0.0,721.0,127.0,115.0,179.0,56.0,3.0,0.0,0.0,0.0,0.0,0.0,0.0,0.0,0.0,0.0,0.0,0.0,0.0,0.0,0.0,0.0,0.0,0.0,0.0,103.0,0.0,0.0,0.0,0.0,0.0,6.0,0.0,0.0,0.0,0.0,0.0,0.0,0.0,0.0,0.0,0.0,0.0,0.0,0.0,0.0,0.0,14.0,0.0,0.0,0.0,0.0,0.0,0.0,0.0,0.0,0.0,0.0,0.0,0.0,0.0,0.0,0.0,0.0,0.0,0.0,0.0,0.0,0.0,0.0,0.0,0.0,0.0,0.0,0.0,0.0,0.0,0.0,0.0,0.0,0.0,0.0,0.0,0.0,0.0,0.0,0.0,0.0,0.0,0.0,0.0,0.0,12.0,0.0,0.0,0.0,0.0,0.0,0.0,0.0,0.0,0.0,0.0,0.0,0.0,0.0,0.0,0.0,0.0,0.0,0.0,37.0,0.0,0.0,27.0,0.0,0.0,0.0,56.0,0.0,0.0,0.0,0.0,0.0,0.0,0.0,0.0,0.0,0.0,0.0,0.0,0.0,0.0,0.0,0.0,0.0,0.0,2.0,0.0,0.0,0.0,0.0,62.0,69.0,14.0,60.0,46.0,449.0,617.0,590.0,3023.0,945.0,683.0,260.0,35.0,278.0,14.0,89.0,0.0,50.0,0.0,0.0,0.0,0.0,0.0,4.0,0.0,196.0,0.0,705.0,1104.0,278.0,594.0,1844.0,0.0,51.0,116.0,83.0,118.0,58.0,0.0,0.0,0.0,64.0,23.0,0.0,0.0,0.0,0.0,0.0,0.0,0.0,0.0,0.0,0.0,0.0,0.0,0.0,0.0,0.0,0.0,0.0,0.0,0.0,0.0,0.0,0.0,0.0,0.0,0.0,0.0,0.0,0.0,0.0,0.0,0.0,0.0,0.0,0.0,0.0,0.0,25.0,26.0,0.0,0.0,0.0,0.0,0.0,0.0,0.0,0.0,0.0,0.0,0.0,0.0,0.0,71.0,0.0,0.0,0.0,0.0,0.0,0.0,0.0,0.0,0.0,830.0,528.0,462.0,107.0,0.0,281.0,0.0,0.0,0.0,0.0,0.0,0.0,0.0,11.0,0.0,0.0,0.0,0.0,0.0,0.0,0.0,20.0,26.0,0.0,0.0,0.0,0.0,0.0,0.0,0.0,0.0,0.0,0.0,0.0,0.0,0.0,0.0,0.0,0.0,32.0,198.0,24.0,388.0,785.0,585.0,2248.0,2530.0,4553.0,2602.0,695.0,153.0,158.0,32.0,1373.0,1672.0,3777.0,8382.0,2898.0,905.0,5707.0,3831.0,3251.0
OTU 8,4196.0,957.0,642.0,62.0,561.0,510.0,1424.0,1020.0,1491.0,1212.0,759.0,846.0,2034.0,2206.0,2904.0,3786.0,4501.0,3833.0,3350.0,3886.0,3500.0,807.0,3817.0,1290.0,3146.0,1777.0,2655.0,1952.0,8697.0,2717.0,5303.0,6336.0,170.0,227.0,587.0,484.0,592.0,1397.0,2602.0,1312.0,1100.0,2521.0,477.0,2018.0,1009.0,3819.0,2637.0,1014.0,197.0,106.0,97.0,159.0,1062.0,2367.0,677.0,2880.0,2860.0,2221.0,2954.0,148.0,269.0,334.0,1027.0,433.0,918.0,945.0,530.0,1918.0,642.0,119.0,968.0,105.0,63.0,3154.0,5201.0,1588.0,1992.0,2963.0,847.0,4376.0,2495.0,4584.0,3350.0,3518.0,4631.0,2621.0,3798.0,4489.0,8131.0,3181.0,1047.0,1602.0,1737.0,2628.0,5174.0,3239.0,6251.0,2687.0,2581.0,8875.0,5656.0,8211.0,4465.0,3050.0,3962.0,5053.0,5450.0,6116.0,8222.0,2479.0,5308.0,2635.0,8260.0,2642.0,6150.0,2464.0,1775.0,2164.0,1221.0,2059.0,2202.0,8228.0,2887.0,5735.0,2845.0,1212.0,1327.0,2423.0,3176.0,2888.0,2166.0,4674.0,2482.0,2574.0,3347.0,3128.0,7543.0,5078.0,4849.0,1963.0,1502.0,4321.0,1121.0,2949.0,1759.0,1921.0,1836.0,901.0,1105.0,922.0,678.0,882.0,1042.0,1351.0,678.0,1714.0,973.0,2732.0,161.0,2075.0,1829.0,2880.0,2126.0,1666.0,1820.0,1928.0,2598.0,792.0,641.0,320.0,137.0,2944.0,1557.0,1004.0,854.0,1782.0,1127.0,2819.0,1603.0,838.0,1684.0,2256.0,1620.0,2122.0,2210.0,610.0,904.0,6320.0,1059.0,1113.0,1862.0,733.0,1846.0,2092.0,2131.0,3.0,2828.0,2916.0,1148.0,2809.0,1054.0,3326.0,3114.0,3614.0,2944.0,3182.0,1095.0,1086.0,1497.0,2715.0,1580.0,1136.0,859.0,1360.0,1705.0,528.0,2879.0,3369.0,4537.0,5249.0,1709.0,2905.0,1780.0,2429.0,2944.0,2724.0,914.0,2211.0,1716.0,1775.0,1411.0,472.0,3197.0,425.0,1304.0,649.0,1971.0,2555.0,962.0,2047.0,1178.0,909.0,1393.0,1650.0,913.0,2084.0,2085.0,290.0,94.0,57.0,40.0,329.0,3.0,30.0,52.0,75.0,2298.0,73.0,392.0,528.0,91.0,74.0,21.0,0.0,35.0,75.0,12.0,0.0,139.0,0.0,222.0,155.0,311.0,388.0,189.0,127.0,152.0,243.0,40.0,0.0,32.0,0.0,120.0,89.0,160.0,470.0,995.0,923.0,701.0,1651.0,721.0,1323.0,2735.0,997.0,669.0,1067.0,3161.0,0.0,2460.0,2579.0,3068.0,949.0,4789.0,6538.0,19.0,42.0,166.0,147.0,120.0,311.0,630.0,343.0,528.0,18.0,54.0,113.0,27.0,108.0,227.0,932.0,1671.0,714.0,1033.0,1680.0,1675.0,813.0,285.0,330.0,2587.0,681.0,1278.0,3487.0,756.0,754.0,4639.0,744.0,1681.0,1521.0,598.0,1397.0,2210.0,1305.0,4137.0,912.0,2655.0,1873.0,1672.0,1458.0,3431.0,1196.0,1794.0,1689.0,1615.0,1627.0,3699.0,2682.0,2252.0,1082.0,1227.0,2593.0,2219.0,3417.0,2350.0,3112.0,3247.0,2069.0,2477.0,1876.0,3878.0,3390.0,493.0,3866.0,2265.0,1084.0,985.0,2485.0,2248.0,945.0,3610.0,1388.0,2899.0,400.0,572.0,1074.0,1159.0,3431.0,2450.0,1503.0,1735.0,552.0,1062.0,745.0,1082.0,1088.0,2084.0,1262.0,1203.0,1329.0,2261.0,1728.0,285.0,1862.0,947.0,1906.0,1367.0,445.0,1534.0,614.0,653.0,1848.0,2381.0,1246.0,863.0,2143.0,614.0,1766.0,561.0,1076.0,2685.0,1742.0,2012.0,2110.0,0.0,2024.0,2325.0,6.0,964.0,25.0,1379.0,1604.0,1391.0,1397.0,4.0,857.0,818.0,3917.0,5022.0,1080.0,2227.0,2648.0,1967.0,3419.0,6110.0,2917.0,2128.0,2684.0,2693.0,2895.0,2432.0,3710.0,3709.0,2950.0,4095.0,3020.0,4223.0,3809.0,3790.0,1711.0,2084.0,2958.0,2674.0,3847.0,4030.0,5933.0,0.0,3137.0,4845.0,3666.0,3170.0,482.0,78.0,55.0,75.0,332.0,204.0,64.0,127.0,893.0,536.0,887.0,401.0,430.0,2045.0,750.0,2044.0,309.0,2281.0,1725.0,1371.0,850.0,811.0,1139.0,1028.0,390.0,91.0,28.0,265.0,776.0,508.0,235.0,667.0,306.0,827.0,1197.0,1113.0,965.0,1775.0,1469.0,1093.0,461.0,683.0,1289.0,2300.0,5.0,2253.0,1900.0,1880.0,1897.0,675.0,1418.0,2208.0,861.0,2213.0,1068.0,1608.0,1522.0,1519.0,531.0,2708.0,925.0,1752.0,2344.0,930.0,2631.0,2627.0,2473.0,3905.0,3890.0,1855.0,2558.0,1334.0,1712.0,1594.0,3217.0,1803.0,3532.0,2710.0,2728.0,670.0,1916.0,2021.0,7887.0,6766.0,5261.0,5435.0,7523.0,2959.0,1825.0,4638.0,1318.0,7958.0,2274.0,2847.0,2510.0,5264.0,2613.0,1472.0,2632.0,2267.0,5043.0,3633.0,1615.0,2477.0,4337.0,376.0,45.0,11.0,13.0,43.0,1973.0,0.0,2400.0,568.0,906.0,749.0,367.0,697.0,533.0,537.0,1126.0,671.0,2419.0,2868.0,1302.0,740.0,1381.0,1630.0,1531.0,2466.0,789.0,1283.0,2257.0,1884.0,597.0,2528.0,976.0,677.0,1576.0,874.0,1784.0,2678.0,1485.0,1866.0,416.0,0.0,296.0,753.0,75.0,1223.0,569.0,894.0,2738.0,2169.0,214.0,388.0,36.0,157.0,470.0,666.0,439.0,305.0,534.0,2372.0,1355.0,1583.0
OTU 9,0.0,0.0,0.0,3.0,0.0,0.0,0.0,0.0,0.0,0.0,0.0,0.0,0.0,0.0,0.0,0.0,0.0,0.0,0.0,0.0,0.0,0.0,0.0,0.0,0.0,0.0,0.0,0.0,0.0,0.0,0.0,0.0,1862.0,736.0,726.0,139.0,304.0,764.0,135.0,577.0,869.0,1817.0,118.0,446.0,105.0,344.0,835.0,641.0,3248.0,890.0,875.0,821.0,55.0,541.0,841.0,336.0,216.0,1.0,597.0,563.0,290.0,218.0,549.0,654.0,1445.0,100.0,1399.0,819.0,1798.0,73.0,318.0,615.0,871.0,0.0,0.0,131.0,83.0,8.0,0.0,10.0,32.0,28.0,60.0,32.0,0.0,18.0,36.0,0.0,0.0,0.0,32.0,21.0,7.0,0.0,0.0,0.0,0.0,0.0,0.0,0.0,0.0,0.0,0.0,0.0,0.0,0.0,0.0,0.0,0.0,0.0,0.0,0.0,0.0,0.0,0.0,0.0,0.0,0.0,86.0,10.0,3.0,0.0,0.0,0.0,0.0,4.0,37.0,0.0,0.0,0.0,0.0,0.0,0.0,0.0,0.0,0.0,0.0,0.0,0.0,0.0,0.0,0.0,0.0,0.0,0.0,0.0,0.0,0.0,0.0,0.0,0.0,0.0,0.0,0.0,0.0,0.0,0.0,0.0,0.0,0.0,0.0,0.0,0.0,0.0,0.0,0.0,0.0,10.0,0.0,0.0,0.0,0.0,0.0,0.0,0.0,0.0,0.0,0.0,0.0,0.0,0.0,0.0,0.0,0.0,0.0,0.0,0.0,0.0,0.0,0.0,0.0,0.0,0.0,0.0,0.0,0.0,0.0,0.0,0.0,0.0,0.0,0.0,0.0,0.0,0.0,0.0,0.0,0.0,0.0,0.0,0.0,0.0,0.0,0.0,0.0,15.0,2.0,33.0,0.0,0.0,43.0,141.0,69.0,253.0,407.0,204.0,49.0,132.0,54.0,26.0,69.0,6.0,97.0,170.0,23.0,51.0,19.0,9.0,30.0,83.0,31.0,13.0,4.0,7.0,16.0,12.0,6.0,304.0,704.0,806.0,591.0,389.0,822.0,524.0,328.0,387.0,784.0,209.0,585.0,515.0,622.0,1493.0,1084.0,1070.0,1963.0,1712.0,547.0,5733.0,4517.0,963.0,1469.0,1419.0,995.0,1742.0,513.0,671.0,794.0,1004.0,2407.0,5379.0,1825.0,5731.0,4530.0,1819.0,2056.0,609.0,3272.0,734.0,184.0,1006.0,77.0,145.0,75.0,150.0,2708.0,1205.0,938.0,3.0,718.0,662.0,261.0,58.0,649.0,217.0,366.0,622.0,411.0,358.0,603.0,645.0,389.0,748.0,428.0,373.0,543.0,836.0,562.0,1132.0,651.0,269.0,715.0,899.0,208.0,172.0,270.0,1138.0,397.0,350.0,659.0,271.0,385.0,197.0,147.0,148.0,0.0,0.0,3.0,14.0,1.0,38.0,282.0,59.0,37.0,42.0,0.0,29.0,4.0,6.0,0.0,8.0,0.0,35.0,3.0,0.0,0.0,0.0,0.0,14.0,0.0,0.0,0.0,0.0,0.0,3.0,0.0,0.0,0.0,0.0,0.0,4.0,26.0,240.0,37.0,142.0,86.0,26.0,39.0,0.0,48.0,12.0,26.0,4.0,15.0,10.0,0.0,19.0,17.0,52.0,8.0,40.0,21.0,23.0,1.0,1.0,18.0,3.0,11.0,22.0,0.0,18.0,35.0,98.0,16.0,15.0,12.0,1.0,49.0,103.0,40.0,19.0,56.0,4.0,52.0,23.0,25.0,52.0,61.0,78.0,0.0,22.0,0.0,12.0,0.0,27.0,1.0,0.0,0.0,0.0,7.0,0.0,29.0,45.0,0.0,12.0,18.0,0.0,0.0,63.0,17.0,0.0,15.0,0.0,0.0,0.0,43.0,0.0,19.0,13.0,0.0,0.0,0.0,0.0,0.0,0.0,0.0,0.0,0.0,57.0,0.0,0.0,0.0,0.0,0.0,0.0,0.0,0.0,0.0,0.0,0.0,1130.0,214.0,572.0,657.0,469.0,2662.0,287.0,320.0,128.0,69.0,189.0,211.0,309.0,146.0,122.0,57.0,26.0,114.0,62.0,104.0,37.0,27.0,18.0,143.0,221.0,292.0,4502.0,969.0,354.0,1042.0,1118.0,236.0,884.0,439.0,1063.0,140.0,91.0,329.0,0.0,0.0,5.0,5.0,0.0,6.0,0.0,0.0,0.0,0.0,0.0,0.0,0.0,0.0,0.0,0.0,0.0,0.0,0.0,0.0,13.0,0.0,0.0,0.0,0.0,0.0,0.0,0.0,0.0,0.0,0.0,0.0,0.0,51.0,34.0,7.0,0.0,0.0,0.0,0.0,0.0,8.0,0.0,31.0,0.0,0.0,0.0,0.0,0.0,0.0,0.0,0.0,0.0,0.0,9.0,6.0,74.0,0.0,2.0,17.0,8.0,29.0,0.0,0.0,0.0,0.0,171.0,1031.0,224.0,1174.0,6631.0,294.0,0.0,0.0,0.0,0.0,0.0,0.0,1.0,2.0,0.0,0.0,0.0,0.0,0.0,0.0,32.0,0.0,0.0,0.0,0.0,0.0,0.0,0.0,0.0,0.0,0.0,0.0,0.0,0.0,0.0,0.0,0.0,0.0,0.0,345.0,459.0,4.0,1821.0,1664.0,353.0,855.0,104.0,274.0,364.0,583.0,1041.0,418.0,6.0,243.0,439.0,463.0,540.0,549.0,81.0,861.0,529.0,406.0
OTU 10,6042.0,1728.0,1166.0,1787.0,3668.0,2238.0,4403.0,2238.0,2033.0,2273.0,1501.0,1380.0,2254.0,3530.0,11258.0,5582.0,5703.0,9285.0,5234.0,7573.0,3707.0,3953.0,6544.0,1380.0,2847.0,1410.0,2215.0,1955.0,6216.0,2436.0,3744.0,5222.0,12605.0,3295.0,5089.0,9626.0,9411.0,8138.0,9316.0,9553.0,8929.0,12930.0,2227.0,7605.0,2229.0,7372.0,8598.0,3939.0,5532.0,13591.0,11789.0,6964.0,4353.0,11421.0,14341.0,9342.0,9203.0,4236.0,11239.0,7895.0,9503.0,10358.0,14461.0,12552.0,5166.0,2792.0,12363.0,6542.0,11677.0,1598.0,3402.0,8610.0,9102.0,2052.0,4587.0,4951.0,4210.0,3199.0,2413.0,3818.0,2136.0,3690.0,2345.0,2364.0,1910.0,1866.0,3270.0,2458.0,4773.0,1708.0,2941.0,3018.0,1603.0,2264.0,2898.0,2174.0,4643.0,734.0,1909.0,2512.0,1605.0,3226.0,2330.0,1457.0,3426.0,1979.0,3401.0,3762.0,2959.0,1441.0,2141.0,1298.0,3880.0,1358.0,3188.0,1204.0,885.0,2805.0,2257.0,2002.0,1512.0,6597.0,2237.0,4783.0,1707.0,3704.0,2744.0,2523.0,2024.0,2218.0,1651.0,3607.0,1677.0,2043.0,1628.0,2097.0,5180.0,4725.0,4550.0,1796.0,2997.0,3379.0,1074.0,2478.0,2618.0,3813.0,4033.0,2282.0,4027.0,2082.0,3245.0,1893.0,2393.0,4107.0,3289.0,5476.0,2687.0,3908.0,1292.0,2165.0,2461.0,3355.0,2835.0,1525.0,2308.0,3017.0,4247.0,11374.0,3182.0,1981.0,217.0,8646.0,3769.0,2474.0,902.0,3312.0,2130.0,4298.0,2104.0,2262.0,2896.0,2408.0,2023.0,1733.0,2598.0,8624.0,1572.0,6639.0,1742.0,1933.0,6134.0,989.0,3188.0,2870.0,2431.0,7.0,3492.0,4553.0,1319.0,3944.0,1447.0,4739.0,3869.0,4367.0,4016.0,2867.0,2372.0,1735.0,1483.0,2833.0,1682.0,1621.0,1644.0,2041.0,2217.0,1933.0,4688.0,4204.0,5598.0,4686.0,2504.0,5523.0,1644.0,4153.0,6387.0,4899.0,1169.0,2168.0,2092.0,1739.0,3256.0,1083.0,4302.0,3169.0,3121.0,2121.0,2542.0,3108.0,3919.0,4073.0,2424.0,1314.0,1836.0,1835.0,1482.0,3888.0,5886.0,3313.0,5301.0,7420.0,6714.0,9398.0,12585.0,11033.0,2823.0,7146.0,11532.0,1827.0,8476.0,6913.0,7999.0,14742.0,7181.0,9671.0,10878.0,8617.0,2382.0,4743.0,11337.0,7257.0,8438.0,15107.0,8504.0,4815.0,9458.0,5494.0,4099.0,6116.0,4418.0,908.0,10941.0,2628.0,5296.0,5279.0,5555.0,3497.0,10596.0,5484.0,2358.0,6037.0,869.0,2006.0,4933.0,1053.0,18514.0,9058.0,8260.0,4296.0,6713.0,12109.0,4879.0,1170.0,8159.0,9082.0,5130.0,5181.0,3862.0,3428.0,7354.0,5978.0,6095.0,7422.0,5957.0,2978.0,3904.0,5912.0,2392.0,6174.0,3682.0,1919.0,5962.0,4355.0,2895.0,2242.0,5373.0,9365.0,3367.0,3624.0,7295.0,2861.0,6703.0,4500.0,2139.0,2018.0,5474.0,1505.0,3979.0,4808.0,3051.0,4309.0,10293.0,5311.0,8355.0,2373.0,3953.0,5546.0,3238.0,3894.0,4579.0,2599.0,2663.0,4486.0,4174.0,3158.0,5299.0,4099.0,4652.0,6002.0,2731.0,3927.0,3096.0,4623.0,4561.0,4896.0,4080.0,3559.0,5221.0,3989.0,6493.0,5165.0,1470.0,7583.0,4095.0,6591.0,3529.0,4683.0,3391.0,764.0,5757.0,2225.0,3889.0,2802.0,1579.0,1358.0,1649.0,5258.0,5702.0,2428.0,2315.0,1336.0,1537.0,3054.0,1561.0,2142.0,2718.0,2358.0,2512.0,1665.0,3060.0,4455.0,1026.0,5889.0,2111.0,5485.0,3607.0,2317.0,4651.0,4243.0,2432.0,3693.0,4563.0,1362.0,4336.0,4673.0,1438.0,4054.0,2353.0,6437.0,4385.0,6191.0,6038.0,3804.0,0.0,3567.0,3419.0,7.0,1721.0,56.0,2341.0,2781.0,3005.0,2899.0,4.0,1845.0,2138.0,5731.0,5039.0,2384.0,3832.0,3081.0,1889.0,4324.0,5699.0,3217.0,4793.0,3991.0,2094.0,2076.0,1895.0,3002.0,2669.0,1878.0,2595.0,1392.0,2277.0,2336.0,2297.0,3293.0,2169.0,2940.0,2271.0,3298.0,3106.0,2958.0,0.0,1919.0,2978.0,3451.0,2772.0,26071.0,5423.0,3852.0,3462.0,8010.0,14508.0,3510.0,3525.0,8529.0,3377.0,4816.0,3376.0,5940.0,4943.0,2325.0,4016.0,6203.0,4470.0,2822.0,5863.0,2421.0,2282.0,2151.0,5469.0,4016.0,2951.0,4935.0,4132.0,7013.0,5381.0,7502.0,4546.0,6087.0,4193.0,10428.0,4086.0,4500.0,5007.0,3602.0,4871.0,2719.0,3293.0,3410.0,7436.0,2682.0,3378.0,3369.0,3351.0,2644.0,2641.0,2645.0,4161.0,1590.0,3647.0,1301.0,1935.0,1515.0,1523.0,1671.0,8531.0,1640.0,3401.0,3879.0,957.0,3614.0,4030.0,3346.0,6598.0,6920.0,2991.0,5510.0,3423.0,3033.0,1802.0,3590.0,2113.0,4345.0,2130.0,1865.0,1532.0,2407.0,5072.0,5540.0,3445.0,4822.0,4128.0,5903.0,2910.0,1808.0,6598.0,1890.0,6074.0,2783.0,5556.0,5479.0,5412.0,3152.0,1661.0,2199.0,1334.0,4222.0,2163.0,1505.0,2678.0,7716.0,4503.0,5084.0,6547.0,4506.0,3420.0,3681.0,7132.0,3865.0,1955.0,3500.0,2061.0,1846.0,2347.0,1667.0,2736.0,2645.0,1238.0,2708.0,3488.0,4657.0,1931.0,3664.0,2116.0,1279.0,3135.0,983.0,1320.0,2626.0,1602.0,2970.0,5074.0,1347.0,1427.0,2533.0,4431.0,2057.0,3343.0,1538.0,3222.0,7163.0,412.0,9850.0,6478.0,1877.0,7297.0,7700.0,11851.0,7668.0,7270.0,6282.0,1771.0,5706.0,3716.0,2464.0,5029.0,7403.0,5082.0,816.0,11308.0,8041.0,7872.0
